"Proportion of seats held by women in national parliaments , %"
Country_ID, Country_E, Indicator_Id, Indicator_E, Period, Value
"674","San Marino","T","Total","2011","16.67"
"674","San Marino","T","Total","2012","18.33"
"499","Montenegro","T","Total","2013","17.28"
"499","Montenegro","T","Total","2014","14.81"
"499","Montenegro","T","Total","2015","17.28"
"499","Montenegro","T","Total","2016","17.28"
"499","Montenegro","T","Total","2017","23.46"
"499","Montenegro","T","Total","2018","23.46"
"499","Montenegro","T","Total","2019","23.46"
"499","Montenegro","T","Total","2020","29.63"
"499","Montenegro","T","Total","2021","24.69"
"499","Montenegro","T","Total","2022","27.16"
"499","Montenegro","T","Total","2023","28.4"
"499","Montenegro","T","Total","2024","27.16"
"499","Montenegro","T","Total","2025","27.16"
"112","Belarus","T","Total","2011","31.82"
"112","Belarus","T","Total","2012","31.82"
"112","Belarus","T","Total","2013","26.61"
"112","Belarus","T","Total","2014","26.61"
"112","Belarus","T","Total","2015","27.27"
"112","Belarus","T","Total","2016","27.27"
"112","Belarus","T","Total","2017","34.55"
"112","Belarus","T","Total","2018","34.55"
"112","Belarus","T","Total","2019","34.55"
"112","Belarus","T","Total","2020","40"
"112","Belarus","T","Total","2021","40"
"112","Belarus","T","Total","2022","40"
"112","Belarus","T","Total","2023","40"
"112","Belarus","T","Total","2024","40"
"112","Belarus","T","Total","2025","33.94"
"124","Canada","T","Total","2011","22.08"
"124","Canada","T","Total","2012","24.76"
"124","Canada","T","Total","2013","24.68"
"124","Canada","T","Total","2014","25.08"
"124","Canada","T","Total","2015","25.16"
"124","Canada","T","Total","2016","26.04"
"124","Canada","T","Total","2017","26.27"
"124","Canada","T","Total","2018","27"
"124","Canada","T","Total","2019","26.95"
"124","Canada","T","Total","2020","28.99"
"124","Canada","T","Total","2021","29.59"
"124","Canada","T","Total","2022","30.47"
"124","Canada","T","Total","2023","30.65"
"124","Canada","T","Total","2024","30.56"
"124","Canada","T","Total","2025","30.86"
"372","Ireland","T","Total","2011","13.94"
"372","Ireland","T","Total","2012","15.06"
"372","Ireland","T","Total","2013","15.06"
"372","Ireland","T","Total","2014","15.66"
"372","Ireland","T","Total","2015","16.27"
"372","Ireland","T","Total","2016","16.27"
"372","Ireland","T","Total","2017","22.15"
"372","Ireland","T","Total","2018","22.15"
"372","Ireland","T","Total","2019","22.15"
"372","Ireland","T","Total","2020","20.89"
"372","Ireland","T","Total","2021","22.5"
"372","Ireland","T","Total","2022","23.12"
"372","Ireland","T","Total","2023","23.12"
"372","Ireland","T","Total","2024","23.12"
"372","Ireland","T","Total","2025","25.29"
"807","North Macedonia","T","Total","2021","39.17"
"807","North Macedonia","T","Total","2022","41.67"
"807","North Macedonia","T","Total","2023","41.67"
"807","North Macedonia","T","Total","2024","42.5"
"807","North Macedonia","T","Total","2025","39.17"
"826","United Kingdom","T","Total","2011","22"
"826","United Kingdom","T","Total","2012","22.31"
"826","United Kingdom","T","Total","2013","22.46"
"826","United Kingdom","T","Total","2014","22.62"
"826","United Kingdom","T","Total","2015","22.77"
"826","United Kingdom","T","Total","2016","29.38"
"826","United Kingdom","T","Total","2017","30"
"826","United Kingdom","T","Total","2018","32"
"826","United Kingdom","T","Total","2019","32"
"826","United Kingdom","T","Total","2020","33.85"
"826","United Kingdom","T","Total","2021","33.85"
"826","United Kingdom","T","Total","2022","34.36"
"826","United Kingdom","T","Total","2023","34.51"
"826","United Kingdom","T","Total","2024","34.67"
"826","United Kingdom","T","Total","2025","40.46"
"191","Croatia","T","Total","2011","23.53"
"191","Croatia","T","Total","2012","23.84"
"191","Croatia","T","Total","2013","23.84"
"191","Croatia","T","Total","2014","23.84"
"191","Croatia","T","Total","2015","25.83"
"191","Croatia","T","Total","2016","15.23"
"191","Croatia","T","Total","2017","19.87"
"191","Croatia","T","Total","2018","18.54"
"191","Croatia","T","Total","2019","20.53"
"191","Croatia","T","Total","2020","19.21"
"191","Croatia","T","Total","2021","31.13"
"191","Croatia","T","Total","2022","31.79"
"191","Croatia","T","Total","2023","31.79"
"191","Croatia","T","Total","2024","33.77"
"191","Croatia","T","Total","2025","33.11"
"203","Czechia","T","Total","2011","22"
"203","Czechia","T","Total","2012","22"
"203","Czechia","T","Total","2013","22"
"203","Czechia","T","Total","2014","19.5"
"203","Czechia","T","Total","2015","19"
"203","Czechia","T","Total","2016","20"
"203","Czechia","T","Total","2017","20"
"203","Czechia","T","Total","2018","22"
"203","Czechia","T","Total","2019","22.5"
"203","Czechia","T","Total","2020","22.5"
"203","Czechia","T","Total","2021","23"
"688","Serbia","T","Total","2017","34.4"
"688","Serbia","T","Total","2018","34.4"
"688","Serbia","T","Total","2019","37.65"
"688","Serbia","T","Total","2020","37.65"
"688","Serbia","T","Total","2021","39.2"
"688","Serbia","T","Total","2022","40"
"688","Serbia","T","Total","2023","34.8"
"688","Serbia","T","Total","2024","38"
"688","Serbia","T","Total","2025","37.2"
"196","Cyprus","T","Total","2011","12.5"
"196","Cyprus","T","Total","2012","10.71"
"196","Cyprus","T","Total","2013","10.71"
"196","Cyprus","T","Total","2014","12.5"
"674","San Marino","T","Total","2014","18.33"
"674","San Marino","T","Total","2015","16.67"
"674","San Marino","T","Total","2016","16.67"
"674","San Marino","T","Total","2017","26.67"
"674","San Marino","T","Total","2018","26.67"
"674","San Marino","T","Total","2019","25"
"674","San Marino","T","Total","2020","31.67"
"674","San Marino","T","Total","2021","33.33"
"674","San Marino","T","Total","2022","33.33"
"674","San Marino","T","Total","2023","33.33"
"674","San Marino","T","Total","2024","33.33"
"674","San Marino","T","Total","2025","35"
"688","Serbia","T","Total","2011","21.6"
"688","Serbia","T","Total","2012","22"
"688","Serbia","T","Total","2013","33.2"
"688","Serbia","T","Total","2014","33.6"
"688","Serbia","T","Total","2015","34"
"688","Serbia","T","Total","2016","34"
"674","San Marino","T","Total","2013","16.67"
"208","Denmark","T","Total","2011","37.99"
"208","Denmark","T","Total","2012","39.11"
"208","Denmark","T","Total","2013","39.11"
"208","Denmark","T","Total","2014","39.11"
"208","Denmark","T","Total","2015","37.99"
"208","Denmark","T","Total","2016","37.43"
"208","Denmark","T","Total","2017","37.43"
"208","Denmark","T","Total","2018","37.43"
"208","Denmark","T","Total","2019","37.43"
"208","Denmark","T","Total","2020","39.66"
"208","Denmark","T","Total","2021","39.66"
"208","Denmark","T","Total","2022","39.66"
"208","Denmark","T","Total","2023","43.58"
"208","Denmark","T","Total","2024","45.25"
"208","Denmark","T","Total","2025","43.58"
"620","Portugal","T","Total","2011","27.39"
"620","Portugal","T","Total","2012","28.7"
"620","Portugal","T","Total","2013","28.7"
"620","Portugal","T","Total","2014","31.3"
"620","Portugal","T","Total","2015","31.3"
"620","Portugal","T","Total","2016","34.78"
"620","Portugal","T","Total","2017","34.78"
"620","Portugal","T","Total","2018","34.78"
"620","Portugal","T","Total","2019","35.65"
"620","Portugal","T","Total","2020","40"
"620","Portugal","T","Total","2021","40"
"620","Portugal","T","Total","2022","40"
"620","Portugal","T","Total","2023","36.09"
"620","Portugal","T","Total","2024","36.52"
"620","Portugal","T","Total","2025","34.78"
"762","Tajikistan","T","Total","2019","19.05"
"762","Tajikistan","T","Total","2020","19.05"
"762","Tajikistan","T","Total","2021","23.81"
"762","Tajikistan","T","Total","2022","26.98"
"762","Tajikistan","T","Total","2023","26.98"
"762","Tajikistan","T","Total","2024","26.98"
"762","Tajikistan","T","Total","2025","26.98"
"792","Türkiye","T","Total","2011","9.11"
"792","Türkiye","T","Total","2012","14.18"
"792","Türkiye","T","Total","2013","14.18"
"792","Türkiye","T","Total","2014","14.42"
"792","Türkiye","T","Total","2015","14.42"
"792","Türkiye","T","Total","2016","14.91"
"792","Türkiye","T","Total","2017","14.91"
"792","Türkiye","T","Total","2018","14.57"
"792","Türkiye","T","Total","2019","17.45"
"792","Türkiye","T","Total","2020","17.32"
"792","Türkiye","T","Total","2021","17.33"
"792","Türkiye","T","Total","2022","17.35"
"792","Türkiye","T","Total","2023","17.41"
"792","Türkiye","T","Total","2024","19.87"
"792","Türkiye","T","Total","2025","19.9"
"795","Turkmenistan","T","Total","2011","16.8"
"795","Turkmenistan","T","Total","2012","16.8"
"795","Turkmenistan","T","Total","2013","16.8"
"795","Turkmenistan","T","Total","2014","26.4"
"795","Turkmenistan","T","Total","2015","25.81"
"795","Turkmenistan","T","Total","2016","25.81"
"795","Turkmenistan","T","Total","2017","25.81"
"795","Turkmenistan","T","Total","2018","25.81"
"795","Turkmenistan","T","Total","2019","25"
"795","Turkmenistan","T","Total","2020","25"
"795","Turkmenistan","T","Total","2021","25"
"795","Turkmenistan","T","Total","2022","25.86"
"795","Turkmenistan","T","Total","2023","25.86"
"795","Turkmenistan","T","Total","2024","25.6"
"795","Turkmenistan","T","Total","2025","25.6"
"840","United States","T","Total","2011","16.78"
"840","United States","T","Total","2012","16.82"
"840","United States","T","Total","2013","17.78"
"840","United States","T","Total","2014","18.29"
"840","United States","T","Total","2015","19.35"
"840","United States","T","Total","2016","19.35"
"840","United States","T","Total","2017","19.08"
"840","United States","T","Total","2018","19.49"
"840","United States","T","Total","2019","23.56"
"840","United States","T","Total","2020","23.43"
"840","United States","T","Total","2021","27.25"
"840","United States","T","Total","2022","27.71"
"840","United States","T","Total","2023","29.43"
"840","United States","T","Total","2024","29.1"
"840","United States","T","Total","2025","28.74"
"860","Uzbekistan","T","Total","2011","22"
"860","Uzbekistan","T","Total","2012","22"
"860","Uzbekistan","T","Total","2013","22"
"860","Uzbekistan","T","Total","2014","22"
"860","Uzbekistan","T","Total","2015","16"
"860","Uzbekistan","T","Total","2016","16"
"860","Uzbekistan","T","Total","2017","16"
"860","Uzbekistan","T","Total","2018","16"
"860","Uzbekistan","T","Total","2019","16"
"860","Uzbekistan","T","Total","2020","32"
"860","Uzbekistan","T","Total","2021","32.65"
"860","Uzbekistan","T","Total","2022","33.33"
"860","Uzbekistan","T","Total","2023","33.57"
"860","Uzbekistan","T","Total","2024","34.56"
"860","Uzbekistan","T","Total","2025","38"
"724","Spain","T","Total","2011","36.57"
"724","Spain","T","Total","2012","36"
"724","Spain","T","Total","2013","36"
"724","Spain","T","Total","2014","39.71"
"724","Spain","T","Total","2015","41.14"
"724","Spain","T","Total","2016","40"
"724","Spain","T","Total","2017","39.14"
"724","Spain","T","Total","2018","39.14"
"724","Spain","T","Total","2019","41.14"
"724","Spain","T","Total","2020","44"
"724","Spain","T","Total","2021","44"
"724","Spain","T","Total","2022","42.98"
"724","Spain","T","Total","2023","42.41"
"724","Spain","T","Total","2024","44.29"
"724","Spain","T","Total","2025","44.29"
"703","Slovakia","T","Total","2011","15.33"
"703","Slovakia","T","Total","2012","16"
"703","Slovakia","T","Total","2013","18.67"
"703","Slovakia","T","Total","2014","18.67"
"703","Slovakia","T","Total","2015","18.67"
"703","Slovakia","T","Total","2016","18.67"
"703","Slovakia","T","Total","2017","20"
"703","Slovakia","T","Total","2018","20"
"703","Slovakia","T","Total","2019","20"
"703","Slovakia","T","Total","2020","20.67"
"703","Slovakia","T","Total","2021","22.67"
"703","Slovakia","T","Total","2022","21.33"
"703","Slovakia","T","Total","2023","22"
"703","Slovakia","T","Total","2024","22.67"
"703","Slovakia","T","Total","2025","23.33"
"528","Netherlands","T","Total","2011","40.67"
"352","Iceland","T","Total","2011","42.86"
"352","Iceland","T","Total","2012","39.68"
"352","Iceland","T","Total","2013","39.68"
"352","Iceland","T","Total","2014","39.68"
"352","Iceland","T","Total","2015","41.27"
"352","Iceland","T","Total","2016","41.27"
"352","Iceland","T","Total","2017","47.62"
"352","Iceland","T","Total","2018","38.1"
"352","Iceland","T","Total","2019","38.1"
"352","Iceland","T","Total","2020","38.1"
"352","Iceland","T","Total","2021","39.68"
"352","Iceland","T","Total","2022","47.62"
"417","Kyrgyzstan","T","Total","2011","23.33"
"417","Kyrgyzstan","T","Total","2012","23.33"
"417","Kyrgyzstan","T","Total","2013","23.33"
"417","Kyrgyzstan","T","Total","2014","23.33"
"417","Kyrgyzstan","T","Total","2015","23.33"
"056","Belgium","T","Total","2021","42"
"056","Belgium","T","Total","2022","42"
"056","Belgium","T","Total","2023","42.67"
"056","Belgium","T","Total","2024","42.67"
"056","Belgium","T","Total","2025","39.33"
"070","Bosnia and Herzegovina","T","Total","2011","16.67"
"070","Bosnia and Herzegovina","T","Total","2012","21.43"
"070","Bosnia and Herzegovina","T","Total","2013","21.43"
"070","Bosnia and Herzegovina","T","Total","2014","21.43"
"070","Bosnia and Herzegovina","T","Total","2015","21.43"
"070","Bosnia and Herzegovina","T","Total","2016","21.43"
"070","Bosnia and Herzegovina","T","Total","2017","21.43"
"070","Bosnia and Herzegovina","T","Total","2018","21.43"
"070","Bosnia and Herzegovina","T","Total","2019","21.43"
"070","Bosnia and Herzegovina","T","Total","2020","21.43"
"070","Bosnia and Herzegovina","T","Total","2021","26.19"
"070","Bosnia and Herzegovina","T","Total","2022","26.19"
"070","Bosnia and Herzegovina","T","Total","2023","19.05"
"070","Bosnia and Herzegovina","T","Total","2024","19.05"
"070","Bosnia and Herzegovina","T","Total","2025","19.05"
"376","Israel","T","Total","2013","21.67"
"376","Israel","T","Total","2014","22.5"
"376","Israel","T","Total","2015","22.5"
"376","Israel","T","Total","2016","26.67"
"376","Israel","T","Total","2017","27.5"
"376","Israel","T","Total","2018","27.5"
"376","Israel","T","Total","2019","29.17"
"376","Israel","T","Total","2020","23.33"
"376","Israel","T","Total","2021","26.67"
"376","Israel","T","Total","2022","30"
"376","Israel","T","Total","2023","24.17"
"376","Israel","T","Total","2024","25"
"376","Israel","T","Total","2025","24.17"
"276","Germany","T","Total","2018","30.75"
"276","Germany","T","Total","2019","30.89"
"276","Germany","T","Total","2020","31.17"
"276","Germany","T","Total","2021","31.45"
"276","Germany","T","Total","2022","34.92"
"276","Germany","T","Total","2023","35.05"
"276","Germany","T","Total","2024","35.33"
"276","Germany","T","Total","2025","35.74"
"428","Latvia","T","Total","2011","20"
"428","Latvia","T","Total","2012","23"
"428","Latvia","T","Total","2013","23"
"428","Latvia","T","Total","2014","25"
"428","Latvia","T","Total","2015","18"
"428","Latvia","T","Total","2016","18"
"428","Latvia","T","Total","2017","16"
"428","Latvia","T","Total","2018","16"
"756","Switzerland","T","Total","2011","29"
"756","Switzerland","T","Total","2012","28.5"
"756","Switzerland","T","Total","2013","29"
"756","Switzerland","T","Total","2014","31"
"756","Switzerland","T","Total","2015","30.5"
"756","Switzerland","T","Total","2016","32"
"756","Switzerland","T","Total","2017","32.5"
"756","Switzerland","T","Total","2018","32.5"
"756","Switzerland","T","Total","2019","32.5"
"756","Switzerland","T","Total","2020","41.5"
"756","Switzerland","T","Total","2021","42"
"756","Switzerland","T","Total","2022","42.5"
"756","Switzerland","T","Total","2023","41.71"
"756","Switzerland","T","Total","2024","38.5"
"756","Switzerland","T","Total","2025","38.5"
"398","Kazakhstan","T","Total","2011","17.76"
"398","Kazakhstan","T","Total","2012","24.3"
"398","Kazakhstan","T","Total","2013","24.3"
"398","Kazakhstan","T","Total","2014","25.22"
"398","Kazakhstan","T","Total","2015","26.17"
"398","Kazakhstan","T","Total","2016","26.17"
"398","Kazakhstan","T","Total","2017","27.1"
"398","Kazakhstan","T","Total","2018","27.1"
"398","Kazakhstan","T","Total","2019","27.1"
"398","Kazakhstan","T","Total","2020","27.1"
"398","Kazakhstan","T","Total","2021","27.1"
"398","Kazakhstan","T","Total","2022","27.36"
"398","Kazakhstan","T","Total","2023","27.36"
"398","Kazakhstan","T","Total","2024","19.39"
"398","Kazakhstan","T","Total","2025","18.37"
"643","Russian Federation","T","Total","2011","14"
"642","Romania","T","Total","2011","11.38"
"642","Romania","T","Total","2012","11.21"
"642","Romania","T","Total","2013","13.35"
"642","Romania","T","Total","2014","13.51"
"642","Romania","T","Total","2015","13.72"
"642","Romania","T","Total","2016","13.72"
"642","Romania","T","Total","2017","20.67"
"642","Romania","T","Total","2018","20.67"
"642","Romania","T","Total","2019","20.67"
"642","Romania","T","Total","2020","21.88"
"642","Romania","T","Total","2021","18.54"
"642","Romania","T","Total","2022","19.09"
"642","Romania","T","Total","2023","19.09"
"642","Romania","T","Total","2024","19.21"
"642","Romania","T","Total","2025","22.36"
"246","Finland","T","Total","2023","45.5"
"246","Finland","T","Total","2024","46"
"246","Finland","T","Total","2025","45.5"
"352","Iceland","T","Total","2024","47.62"
"352","Iceland","T","Total","2025","46.03"
"008","Albania","T","Total","2011","16.43"
"008","Albania","T","Total","2012","15.71"
"008","Albania","T","Total","2013","15.71"
"008","Albania","T","Total","2014","20"
"008","Albania","T","Total","2015","20.71"
"008","Albania","T","Total","2016","20.71"
"008","Albania","T","Total","2017","22.86"
"008","Albania","T","Total","2018","27.86"
"008","Albania","T","Total","2019","29.29"
"008","Albania","T","Total","2020","29.51"
"008","Albania","T","Total","2021","29.51"
"008","Albania","T","Total","2022","35.71"
"008","Albania","T","Total","2023","35.71"
"008","Albania","T","Total","2024","35.71"
"008","Albania","T","Total","2025","35.71"
"528","Netherlands","T","Total","2012","40.67"
"528","Netherlands","T","Total","2013","38.67"
"528","Netherlands","T","Total","2014","38.67"
"528","Netherlands","T","Total","2015","37.33"
"528","Netherlands","T","Total","2016","37.33"
"528","Netherlands","T","Total","2017","38"
"528","Netherlands","T","Total","2018","36"
"528","Netherlands","T","Total","2019","31.33"
"528","Netherlands","T","Total","2020","33.33"
"528","Netherlands","T","Total","2021","33.33"
"528","Netherlands","T","Total","2022","40.67"
"528","Netherlands","T","Total","2023","40.67"
"528","Netherlands","T","Total","2024","38.67"
"528","Netherlands","T","Total","2025","39.33"
"492","Monaco","T","Total","2017","20.83"
"492","Monaco","T","Total","2018","20.83"
"492","Monaco","T","Total","2019","33.33"
"492","Monaco","T","Total","2020","33.33"
"492","Monaco","T","Total","2021","33.33"
"492","Monaco","T","Total","2022","33.33"
"492","Monaco","T","Total","2023","36.36"
"492","Monaco","T","Total","2024","45.83"
"492","Monaco","T","Total","2025","45.83"
"804","Ukraine","T","Total","2011","8"
"804","Ukraine","T","Total","2012","8"
"804","Ukraine","T","Total","2013","9.44"
"804","Ukraine","T","Total","2014","9.73"
"804","Ukraine","T","Total","2015","11.85"
"804","Ukraine","T","Total","2016","12.09"
"804","Ukraine","T","Total","2017","12.29"
"804","Ukraine","T","Total","2018","12.29"
"804","Ukraine","T","Total","2019","11.58"
"804","Ukraine","T","Total","2020","20.8"
"804","Ukraine","T","Total","2021","20.8"
"804","Ukraine","T","Total","2022","20.33"
"804","Ukraine","T","Total","2023","20.43"
"804","Ukraine","T","Total","2024","21.09"
"804","Ukraine","T","Total","2025","21.2"
"807","North Macedonia","T","Total","2011","32.5"
"807","North Macedonia","T","Total","2012","30.89"
"807","North Macedonia","T","Total","2013","32.52"
"807","North Macedonia","T","Total","2014","34.15"
"807","North Macedonia","T","Total","2015","33.33"
"807","North Macedonia","T","Total","2016","33.33"
"807","North Macedonia","T","Total","2017","31.67"
"807","North Macedonia","T","Total","2018","37.5"
"807","North Macedonia","T","Total","2019","38.33"
"807","North Macedonia","T","Total","2020","40"
"276","Germany","T","Total","2011","32.8"
"276","Germany","T","Total","2012","32.9"
"276","Germany","T","Total","2013","32.9"
"276","Germany","T","Total","2014","36.45"
"276","Germany","T","Total","2015","36.45"
"276","Germany","T","Total","2016","36.45"
"276","Germany","T","Total","2017","36.98"
"300","Greece","T","Total","2011","17.33"
"300","Greece","T","Total","2012","18.67"
"300","Greece","T","Total","2013","21"
"300","Greece","T","Total","2014","21"
"300","Greece","T","Total","2015","23"
"300","Greece","T","Total","2016","19.67"
"300","Greece","T","Total","2017","18.33"
"300","Greece","T","Total","2018","18.33"
"300","Greece","T","Total","2019","18.67"
"300","Greece","T","Total","2020","20.67"
"300","Greece","T","Total","2021","21.67"
"300","Greece","T","Total","2022","21"
"300","Greece","T","Total","2023","21"
"300","Greece","T","Total","2024","23"
"300","Greece","T","Total","2025","23.33"
"428","Latvia","T","Total","2019","31"
"428","Latvia","T","Total","2020","30"
"428","Latvia","T","Total","2021","29"
"428","Latvia","T","Total","2022","27"
"428","Latvia","T","Total","2023","29"
"428","Latvia","T","Total","2024","32"
"428","Latvia","T","Total","2025","31"
"752","Sweden","T","Total","2011","44.99"
"752","Sweden","T","Total","2012","44.7"
"752","Sweden","T","Total","2013","44.7"
"752","Sweden","T","Total","2014","44.99"
"752","Sweden","T","Total","2015","43.55"
"752","Sweden","T","Total","2016","43.55"
"752","Sweden","T","Total","2017","43.55"
"752","Sweden","T","Total","2018","43.55"
"752","Sweden","T","Total","2019","47.28"
"752","Sweden","T","Total","2020","46.99"
"752","Sweden","T","Total","2021","46.99"
"752","Sweden","T","Total","2022","46.13"
"752","Sweden","T","Total","2023","46.42"
"752","Sweden","T","Total","2024","46.7"
"752","Sweden","T","Total","2025","44.99"
"492","Monaco","T","Total","2011","26.09"
"492","Monaco","T","Total","2012","19.05"
"492","Monaco","T","Total","2013","19.05"
"492","Monaco","T","Total","2014","20.83"
"492","Monaco","T","Total","2015","20.83"
"492","Monaco","T","Total","2016","20.83"
"040","Austria","T","Total","2018","34.43"
"040","Austria","T","Total","2019","37.16"
"040","Austria","T","Total","2020","39.34"
"040","Austria","T","Total","2021","39.89"
"040","Austria","T","Total","2022","41.53"
"040","Austria","T","Total","2023","40.44"
"376","Israel","T","Total","2011","19.17"
"376","Israel","T","Total","2012","20"
"499","Montenegro","T","Total","2011","11.11"
"499","Montenegro","T","Total","2012","12.35"
"040","Austria","T","Total","2024","40.98"
"040","Austria","T","Total","2025","36.07"
"348","Hungary","T","Total","2011","9.07"
"348","Hungary","T","Total","2012","8.81"
"348","Hungary","T","Total","2013","8.81"
"348","Hungary","T","Total","2014","9.38"
"348","Hungary","T","Total","2015","10.1"
"348","Hungary","T","Total","2016","10.1"
"348","Hungary","T","Total","2017","10.05"
"348","Hungary","T","Total","2018","10.05"
"348","Hungary","T","Total","2019","12.56"
"348","Hungary","T","Total","2020","12.06"
"348","Hungary","T","Total","2021","12.56"
"348","Hungary","T","Total","2022","13.07"
"348","Hungary","T","Total","2023","13.07"
"348","Hungary","T","Total","2024","14.57"
"348","Hungary","T","Total","2025","15.23"
"246","Finland","T","Total","2011","40"
"246","Finland","T","Total","2012","42.5"
"246","Finland","T","Total","2013","42.5"
"246","Finland","T","Total","2014","42.5"
"246","Finland","T","Total","2015","42.5"
"246","Finland","T","Total","2016","41.5"
"246","Finland","T","Total","2017","42"
"246","Finland","T","Total","2018","42"
"246","Finland","T","Total","2019","41.5"
"246","Finland","T","Total","2020","46"
"246","Finland","T","Total","2021","46"
"246","Finland","T","Total","2022","45.5"
"020","Andorra","T","Total","2011","35.71"
"020","Andorra","T","Total","2012","50"
"020","Andorra","T","Total","2013","50"
"020","Andorra","T","Total","2014","50"
"020","Andorra","T","Total","2015","50"
"020","Andorra","T","Total","2016","39.29"
"020","Andorra","T","Total","2017","32.14"
"020","Andorra","T","Total","2018","32.14"
"020","Andorra","T","Total","2019","32.14"
"020","Andorra","T","Total","2020","46.43"
"020","Andorra","T","Total","2021","46.43"
"020","Andorra","T","Total","2022","46.43"
"020","Andorra","T","Total","2023","46.43"
"020","Andorra","T","Total","2024","50"
"020","Andorra","T","Total","2025","50"
"031","Azerbaijan","T","Total","2011","16"
"442","Luxembourg","T","Total","2018","28.33"
"442","Luxembourg","T","Total","2019","25"
"442","Luxembourg","T","Total","2020","30"
"442","Luxembourg","T","Total","2021","31.67"
"442","Luxembourg","T","Total","2022","33.33"
"442","Luxembourg","T","Total","2023","35"
"442","Luxembourg","T","Total","2024","33.33"
"442","Luxembourg","T","Total","2025","35"
"440","Lithuania","T","Total","2011","19.15"
"440","Lithuania","T","Total","2012","19.15"
"440","Lithuania","T","Total","2013","24.46"
"440","Lithuania","T","Total","2014","24.11"
"440","Lithuania","T","Total","2015","23.4"
"440","Lithuania","T","Total","2016","23.4"
"440","Lithuania","T","Total","2017","21.28"
"440","Lithuania","T","Total","2018","21.28"
"440","Lithuania","T","Total","2019","21.28"
"440","Lithuania","T","Total","2020","24.11"
"440","Lithuania","T","Total","2021","27.66"
"440","Lithuania","T","Total","2022","28.37"
"440","Lithuania","T","Total","2023","28.37"
"440","Lithuania","T","Total","2024","29.29"
"440","Lithuania","T","Total","2025","28.37"
"250","France","T","Total","2011","18.89"
"250","France","T","Total","2012","18.89"
"250","France","T","Total","2013","26.86"
"250","France","T","Total","2014","26.17"
"250","France","T","Total","2015","26.17"
"250","France","T","Total","2016","26.17"
"250","France","T","Total","2017","25.82"
"250","France","T","Total","2018","38.99"
"250","France","T","Total","2019","39.69"
"250","France","T","Total","2020","39.51"
"250","France","T","Total","2021","39.51"
"250","France","T","Total","2022","39.51"
"250","France","T","Total","2023","37.78"
"250","France","T","Total","2024","37.26"
"250","France","T","Total","2025","36.17"
"233","Estonia","T","Total","2011","22.77"
"233","Estonia","T","Total","2012","19.8"
"233","Estonia","T","Total","2013","20.79"
"233","Estonia","T","Total","2014","19"
"233","Estonia","T","Total","2015","19.8"
"233","Estonia","T","Total","2016","23.76"
"233","Estonia","T","Total","2017","26.73"
"233","Estonia","T","Total","2018","26.73"
"233","Estonia","T","Total","2019","28.71"
"233","Estonia","T","Total","2020","28.71"
"233","Estonia","T","Total","2021","27.72"
"233","Estonia","T","Total","2022","25.74"
"233","Estonia","T","Total","2023","27.72"
"233","Estonia","T","Total","2024","29.7"
"233","Estonia","T","Total","2025","28.71"
"268","Georgia","T","Total","2011","6.52"
"268","Georgia","T","Total","2012","6.57"
"268","Georgia","T","Total","2013","12"
"268","Georgia","T","Total","2014","12"
"268","Georgia","T","Total","2015","11.33"
"268","Georgia","T","Total","2016","11.33"
"268","Georgia","T","Total","2017","16"
"268","Georgia","T","Total","2018","16"
"268","Georgia","T","Total","2019","14.77"
"268","Georgia","T","Total","2020","14.09"
"268","Georgia","T","Total","2021","20.67"
"268","Georgia","T","Total","2022","19.05"
"268","Georgia","T","Total","2023","18.44"
"268","Georgia","T","Total","2024","19.29"
"268","Georgia","T","Total","2025","22"
"498","Republic of Moldova","T","Total","2011","18.81"
"498","Republic of Moldova","T","Total","2012","19.8"
"498","Republic of Moldova","T","Total","2013","19.8"
"498","Republic of Moldova","T","Total","2014","18.81"
"498","Republic of Moldova","T","Total","2015","20.79"
"498","Republic of Moldova","T","Total","2016","21.78"
"498","Republic of Moldova","T","Total","2017","22.77"
"498","Republic of Moldova","T","Total","2018","22.77"
"498","Republic of Moldova","T","Total","2019","22.77"
"498","Republic of Moldova","T","Total","2020","24.75"
"498","Republic of Moldova","T","Total","2021","24.75"
"498","Republic of Moldova","T","Total","2022","40.59"
"498","Republic of Moldova","T","Total","2023","38.61"
"498","Republic of Moldova","T","Total","2024","40.82"
"498","Republic of Moldova","T","Total","2025","40"
"470","Malta","T","Total","2018","11.94"
"470","Malta","T","Total","2019","11.94"
"470","Malta","T","Total","2020","13.43"
"470","Malta","T","Total","2021","13.43"
"470","Malta","T","Total","2022","13.43"
"470","Malta","T","Total","2023","27.85"
"470","Malta","T","Total","2024","27.85"
"470","Malta","T","Total","2025","27.85"
"438","Liechtenstein","T","Total","2011","24"
"438","Liechtenstein","T","Total","2012","24"
"438","Liechtenstein","T","Total","2013","24"
"438","Liechtenstein","T","Total","2014","20"
"438","Liechtenstein","T","Total","2015","20"
"438","Liechtenstein","T","Total","2016","20"
"438","Liechtenstein","T","Total","2017","12"
"438","Liechtenstein","T","Total","2018","12"
"438","Liechtenstein","T","Total","2019","12"
"438","Liechtenstein","T","Total","2020","12"
"438","Liechtenstein","T","Total","2021","12"
"438","Liechtenstein","T","Total","2022","28"
"417","Kyrgyzstan","T","Total","2016","19.17"
"417","Kyrgyzstan","T","Total","2017","19.17"
"417","Kyrgyzstan","T","Total","2018","19.17"
"417","Kyrgyzstan","T","Total","2019","19.17"
"417","Kyrgyzstan","T","Total","2020","19.17"
"417","Kyrgyzstan","T","Total","2021","17.09"
"417","Kyrgyzstan","T","Total","2022","20.45"
"417","Kyrgyzstan","T","Total","2023","20"
"417","Kyrgyzstan","T","Total","2024","21.11"
"417","Kyrgyzstan","T","Total","2025","22.22"
"352","Iceland","T","Total","2023","47.62"
"762","Tajikistan","T","Total","2011","19.05"
"762","Tajikistan","T","Total","2012","19.05"
"762","Tajikistan","T","Total","2013","19.05"
"762","Tajikistan","T","Total","2014","15.87"
"578","Norway","T","Total","2011","39.65"
"578","Norway","T","Total","2012","39.65"
"578","Norway","T","Total","2013","39.65"
"578","Norway","T","Total","2014","39.65"
"578","Norway","T","Total","2015","39.65"
"578","Norway","T","Total","2016","39.65"
"578","Norway","T","Total","2017","39.65"
"578","Norway","T","Total","2018","41.42"
"578","Norway","T","Total","2019","40.83"
"578","Norway","T","Total","2020","41.42"
"578","Norway","T","Total","2021","44.38"
"578","Norway","T","Total","2022","44.97"
"578","Norway","T","Total","2023","46.15"
"578","Norway","T","Total","2024","44.38"
"578","Norway","T","Total","2025","44.38"
"616","Poland","T","Total","2011","20"
"616","Poland","T","Total","2012","23.7"
"616","Poland","T","Total","2013","23.7"
"616","Poland","T","Total","2014","24.35"
"616","Poland","T","Total","2015","24.13"
"616","Poland","T","Total","2016","27.39"
"616","Poland","T","Total","2017","28.04"
"616","Poland","T","Total","2018","28.04"
"616","Poland","T","Total","2019","29.13"
"616","Poland","T","Total","2020","28.7"
"616","Poland","T","Total","2021","28.32"
"616","Poland","T","Total","2022","28.26"
"616","Poland","T","Total","2023","28.26"
"616","Poland","T","Total","2024","29.57"
"616","Poland","T","Total","2025","31.3"
"762","Tajikistan","T","Total","2015","16.95"
"762","Tajikistan","T","Total","2016","19.05"
"762","Tajikistan","T","Total","2017","19.05"
"762","Tajikistan","T","Total","2018","19.05"
"100","Bulgaria","T","Total","2011","20.83"
"100","Bulgaria","T","Total","2012","20.83"
"100","Bulgaria","T","Total","2013","22.92"
"100","Bulgaria","T","Total","2014","24.58"
"100","Bulgaria","T","Total","2015","20.42"
"100","Bulgaria","T","Total","2016","20.42"
"100","Bulgaria","T","Total","2017","19.17"
"100","Bulgaria","T","Total","2018","23.75"
"100","Bulgaria","T","Total","2019","25.83"
"100","Bulgaria","T","Total","2020","26.67"
"100","Bulgaria","T","Total","2021","27.08"
"100","Bulgaria","T","Total","2022","22.5"
"100","Bulgaria","T","Total","2023","24.17"
"100","Bulgaria","T","Total","2024","25.42"
"100","Bulgaria","T","Total","2025","21.25"
"040","Austria","T","Total","2011","27.87"
"040","Austria","T","Total","2012","27.87"
"040","Austria","T","Total","2013","27.87"
"040","Austria","T","Total","2014","32.24"
"040","Austria","T","Total","2015","30.6"
"040","Austria","T","Total","2016","30.6"
"040","Austria","T","Total","2017","30.6"
"442","Luxembourg","T","Total","2011","20"
"442","Luxembourg","T","Total","2012","25"
"442","Luxembourg","T","Total","2013","21.67"
"442","Luxembourg","T","Total","2014","28.33"
"442","Luxembourg","T","Total","2015","28.33"
"442","Luxembourg","T","Total","2016","28.33"
"442","Luxembourg","T","Total","2017","28.33"
"470","Malta","T","Total","2011","8.7"
"470","Malta","T","Total","2012","8.7"
"470","Malta","T","Total","2013","8.7"
"470","Malta","T","Total","2014","14.29"
"470","Malta","T","Total","2015","12.86"
"470","Malta","T","Total","2016","12.86"
"470","Malta","T","Total","2017","12.5"
"051","Armenia","T","Total","2011","9.16"
"051","Armenia","T","Total","2012","8.4"
"051","Armenia","T","Total","2013","10.69"
"051","Armenia","T","Total","2014","10.69"
"051","Armenia","T","Total","2015","10.69"
"051","Armenia","T","Total","2016","10.69"
"051","Armenia","T","Total","2017","9.92"
"051","Armenia","T","Total","2018","18.1"
"051","Armenia","T","Total","2019","24.24"
"051","Armenia","T","Total","2020","23.48"
"051","Armenia","T","Total","2021","22.73"
"051","Armenia","T","Total","2022","34.58"
"051","Armenia","T","Total","2023","35.51"
"051","Armenia","T","Total","2024","36.45"
"051","Armenia","T","Total","2025","38.32"
"056","Belgium","T","Total","2011","39.33"
"056","Belgium","T","Total","2012","38"
"056","Belgium","T","Total","2013","38"
"056","Belgium","T","Total","2014","41.33"
"056","Belgium","T","Total","2015","39.33"
"056","Belgium","T","Total","2016","39.33"
"056","Belgium","T","Total","2017","38"
"056","Belgium","T","Total","2018","38"
"056","Belgium","T","Total","2019","38"
"056","Belgium","T","Total","2020","40.67"
"438","Liechtenstein","T","Total","2023","28"
"438","Liechtenstein","T","Total","2024","28"
"438","Liechtenstein","T","Total","2025","28"
"031","Azerbaijan","T","Total","2012","16"
"031","Azerbaijan","T","Total","2013","16"
"031","Azerbaijan","T","Total","2014","15.57"
"031","Azerbaijan","T","Total","2015","15.57"
"031","Azerbaijan","T","Total","2016","16.94"
"031","Azerbaijan","T","Total","2017","16.8"
"031","Azerbaijan","T","Total","2018","16.8"
"031","Azerbaijan","T","Total","2019","16.81"
"031","Azerbaijan","T","Total","2020","16.81"
"031","Azerbaijan","T","Total","2021","18.18"
"031","Azerbaijan","T","Total","2022","18.33"
"031","Azerbaijan","T","Total","2023","18.64"
"031","Azerbaijan","T","Total","2024","18.1"
"031","Azerbaijan","T","Total","2025","20.8"
"380","Italy","T","Total","2011","21.27"
"380","Italy","T","Total","2012","21.59"
"380","Italy","T","Total","2013","21.43"
"380","Italy","T","Total","2014","31.43"
"380","Italy","T","Total","2015","30.95"
"380","Italy","T","Total","2016","30.95"
"380","Italy","T","Total","2017","30.95"
"380","Italy","T","Total","2018","30.95"
"380","Italy","T","Total","2019","35.71"
"380","Italy","T","Total","2020","35.71"
"380","Italy","T","Total","2021","35.71"
"380","Italy","T","Total","2022","36.25"
"380","Italy","T","Total","2023","32.25"
"380","Italy","T","Total","2024","32.25"
"380","Italy","T","Total","2025","32.75"
"705","Slovenia","T","Total","2011","14.44"
"705","Slovenia","T","Total","2012","32.22"
"705","Slovenia","T","Total","2013","32.22"
"705","Slovenia","T","Total","2014","33.33"
"705","Slovenia","T","Total","2015","36.67"
"705","Slovenia","T","Total","2016","36.67"
"705","Slovenia","T","Total","2017","36.67"
"705","Slovenia","T","Total","2018","36.67"
"705","Slovenia","T","Total","2019","24.44"
"705","Slovenia","T","Total","2020","27.78"
"705","Slovenia","T","Total","2021","26.67"
"705","Slovenia","T","Total","2022","28.89"
"705","Slovenia","T","Total","2023","37.78"
"705","Slovenia","T","Total","2024","37.78"
"705","Slovenia","T","Total","2025","35.56"
"203","Czechia","T","Total","2022","25.5"
"203","Czechia","T","Total","2023","26"
"203","Czechia","T","Total","2024","26"
"203","Czechia","T","Total","2025","25.5"
"196","Cyprus","T","Total","2015","12.5"
"196","Cyprus","T","Total","2016","12.5"
"196","Cyprus","T","Total","2017","17.86"
"196","Cyprus","T","Total","2018","17.86"
"196","Cyprus","T","Total","2019","17.86"
"196","Cyprus","T","Total","2020","19.64"
"196","Cyprus","T","Total","2021","21.43"
"196","Cyprus","T","Total","2022","14.29"
"196","Cyprus","T","Total","2023","14.29"
"196","Cyprus","T","Total","2024","14.29"
"196","Cyprus","T","Total","2025","14.29"
"643","Russian Federation","T","Total","2012","13.56"
"643","Russian Federation","T","Total","2013","13.56"
"643","Russian Federation","T","Total","2014","13.56"
"643","Russian Federation","T","Total","2015","13.56"
"643","Russian Federation","T","Total","2016","13.56"
"643","Russian Federation","T","Total","2017","15.78"
"643","Russian Federation","T","Total","2018","15.78"
"643","Russian Federation","T","Total","2019","15.78"
"643","Russian Federation","T","Total","2020","15.78"
"643","Russian Federation","T","Total","2021","15.78"
"643","Russian Federation","T","Total","2022","16.22"
"643","Russian Federation","T","Total","2023","16.44"
"643","Russian Federation","T","Total","2024","16.44"
"643","Russian Federation","T","Total","2025","16.44"